year,name,code,gini
1987,China,CHN,0.3174845921904763
1987,Germany,DEU,0.36424858272355787
1987,France,FRA,0.49583939877272376
1987,India,IND,0.434350820257972
1987,Poland,POL,0.2810729444165704
1987,USA,USA,0.5028439992168388
