year,name,code,gini
1928,Russian Federation,RUS,0.29607689659534087
1928,USA,USA,0.4009528731795836
