year,name,code,gini
1971,France,FRA,0.5678786741014433
1971,India,IND,0.42499174650963056
1971,USA,USA,0.454554305301046
