year,name,code,gini
1977,France,FRA,0.5315538931037647
1977,India,IND,0.425692725837727
1977,Korea, Republic of,0.16553741263664012
1977,USA,USA,0.45928598833175893
