year,name,code,gini
1960,India,IND,0.4526552916194563
1960,USA,USA,0.26847648438132654
