year,name,code,gini
1989,China,CHN,0.33043458691752237
1989,Germany,DEU,0.3831507321800788
1989,France,FRA,0.4899017189302943
1989,India,IND,0.44174791660714063
1989,Poland,POL,0.282999916344298
1989,Russian Federation,RUS,0.2961455066845702
1989,USA,USA,0.5118261897312018
