year,name,code,gini
1968,India,IND,0.431082948799841
1968,Russian Federation,RUS,0.27804836590575843
1968,USA,USA,0.45793648236589324
