year,name,code,gini
2001,Brazil,BRA,0.645269282364
2001,China,CHN,0.4098118774663116
2001,Czech Republic,CZE,0.30002159346126
2001,Germany,DEU,0.3946931778879379
2001,France,FRA,0.48287636261299993
2001,India,IND,0.48406097696294215
2001,Korea, Republic of,0.27490785699361986
2001,Poland,POL,0.3840865161446483
2001,Russian Federation,RUS,0.6045600896656238
2001,Slovenia,SVN,0.31788921949000004
2001,Thailand,THA,0.67474400406
2001,USA,USA,0.5521584873517384
2001,Yemen,YEM,0.590264947750889
