year,name,code,gini
1994,China,CHN,0.3682534479494095
1994,Czech Republic,CZE,0.28505242628849314
1994,Germany,DEU,0.364003920784571
1994,France,FRA,0.480821714794079
1994,India,IND,0.46300530990113176
1994,Poland,POL,0.35553193046758513
1994,Russian Federation,RUS,0.5406057177919767
1994,Slovenia,SVN,0.2702410578100001
1994,Turkey,TUR,0.711002738674
1994,USA,USA,0.5285621414252198
1994,Yemen,YEM,0.590264947750889
