year,name,code,gini
1966,India,IND,0.437756502178546
1966,Russian Federation,RUS,0.3084393089143368
1966,USA,USA,0.47325299767030327
