year,name,code,gini
1991,China,CHN,0.3343056586321523
1991,Germany,DEU,0.37908048524836013
1991,France,FRA,0.48758098159906627
1991,India,IND,0.43040984199752585
1991,Russian Federation,RUS,0.3190896114111701
1991,USA,USA,0.5144118668205799
1991,Yemen,YEM,0.590264947750889
