year,name,code,gini
1990,China,CHN,0.33079802500644995
1990,Germany,DEU,0.3807596285862823
1990,France,FRA,0.48864130240538384
1990,India,IND,0.42621072051517983
1990,Russian Federation,RUS,0.30902045006137335
1990,USA,USA,0.5135392649228416
1990,Yemen,YEM,0.5895359936540001
