year,name,code,gini
1967,India,IND,0.43852885542151565
1967,USA,USA,0.4539060643763202
