year,name,code,gini
1982,China,CHN,0.2956788465298193
1982,Germany,DEU,0.35106721538882013
1982,France,FRA,0.5216448812733567
1982,India,IND,0.3965478734371728
1982,Korea, Republic of,0.20569712855148992
1982,USA,USA,0.47187516248540673
