year,name,code,gini
1970,Czech Republic,CZE,0.22508336096722725
1970,France,FRA,0.5752841209091284
1970,India,IND,0.44281090949175006
1970,USA,USA,0.445479114493298
