year,name,code,gini
1997,China,CHN,0.3776702499073649
1997,Czech Republic,CZE,0.304196305821973
1997,Germany,DEU,0.3818427959132399
1997,France,FRA,0.4830287200752177
1997,India,IND,0.4657934477087249
1997,Korea, Republic of,0.26267967200669984
1997,Poland,POL,0.370699492579474
1997,Palestine,PSE,0.572821549922243
1997,Russian Federation,RUS,0.594023429494466
1997,Slovenia,SVN,0.32487898019000006
1997,USA,USA,0.5498927202340822
1997,Yemen,YEM,0.590264947750889
