year,name,code,gini
1953,India,IND,0.4525891507989569
1953,USA,USA,0.2677856744390008
