year,name,code,gini
1958,India,IND,0.47492283168969407
1958,USA,USA,0.2691924393059433
