year,name,code,gini
1965,India,IND,0.43488238961494796
1965,USA,USA,0.42348691807046135
