year,name,code,gini
1986,China,CHN,0.3208928297487113
1986,Germany,DEU,0.35361653225856404
1986,France,FRA,0.5030934344408582
1986,India,IND,0.43927709542163795
1986,Poland,POL,0.28096770114970215
1986,USA,USA,0.49322062993301163
