year,name,code,gini
1954,India,IND,0.46757774668714114
1954,USA,USA,0.2719510231301707
