year,name,code,gini
1975,France,FRA,0.5398573425957931
1975,India,IND,0.424708922270464
1975,USA,USA,0.4564056351524416
