year,name,code,gini
1983,China,CHN,0.3002287336675688
1983,Germany,DEU,0.3499677016058954
1983,France,FRA,0.5210770868246519
1983,India,IND,0.44047429931623494
1983,Korea, Republic of,0.2091921586810399
1983,Poland,POL,0.2780376000949981
1983,USA,USA,0.4813828559630827
