year,name,code,gini
1992,China,CHN,0.34878377681682066
1992,Czech Republic,CZE,0.2655123680593151
1992,Germany,DEU,0.3742587471384681
1992,France,FRA,0.4810696636558299
1992,India,IND,0.4374614821855527
1992,Jordan,JOR,0.5803115833520001
1992,Poland,POL,0.3169814290059828
1992,Russian Federation,RUS,0.4326031536572871
1992,Slovenia,SVN,0.23515246216999985
1992,USA,USA,0.5282365201278933
1992,Yemen,YEM,0.590264947750889
