year,name,code,gini
1934,Russian Federation,RUS,0.3194103071493104
1934,USA,USA,0.3983418692504447
