year,name,code,gini
1985,China,CHN,0.3252457499865994
1985,Czech Republic,CZE,0.19858235987247708
1985,Germany,DEU,0.351529940929738
1985,France,FRA,0.5103512206743566
1985,India,IND,0.4369047210596093
1985,Korea, Republic of,0.1989780304646399
1985,Poland,POL,0.2772336819717023
1985,Russian Federation,RUS,0.2828613405439252
1985,USA,USA,0.4914928990389176
