year,name,code,gini
1999,China,CHN,0.3841426451735323
1999,Czech Republic,CZE,0.3020508073683539
1999,Germany,DEU,0.3899844372897957
1999,Egypt,EGY,0.561085014644
1999,France,FRA,0.4860968026154655
1999,India,IND,0.47150433736944797
1999,Korea, Republic of,0.2569965175902801
1999,Poland,POL,0.36936962719006894
1999,Russian Federation,RUS,0.5801599755523228
1999,Slovenia,SVN,0.33630003187
1999,USA,USA,0.5563617249836006
1999,Yemen,YEM,0.590264947750889
