year,name,code,gini
1979,China,CHN,0.2859587942098752
1979,France,FRA,0.5231343810164208
1979,India,IND,0.4114902586747482
1979,Korea, Republic of,0.18726470783410998
1979,USA,USA,0.4594138578040371
