year,name,code,gini
1959,India,IND,0.46403069460385904
1959,Russian Federation,RUS,0.36447623525217276
1959,USA,USA,0.274377337363075
