year,name,code,gini
1956,India,IND,0.4827981830307162
1956,Russian Federation,RUS,0.3647170926264095
1956,USA,USA,0.2706275359353758
