year,name,code,gini
2000,China,CHN,0.3993900730222356
2000,Czech Republic,CZE,0.30102226499844287
2000,Germany,DEU,0.3948035614594798
2000,France,FRA,0.48719180425202513
2000,India,IND,0.4743997740642667
2000,Korea, Republic of,0.26585539950581005
2000,Poland,POL,0.383795000268496
2000,Russian Federation,RUS,0.595118930503884
2000,Slovenia,SVN,0.32866893564
2000,USA,USA,0.5609693024179211
2000,Yemen,YEM,0.590264947750889
