year,name,code,gini
1952,India,IND,0.45769514439914594
1952,USA,USA,0.27899582421468194
