year,name,code,gini
1978,China,CHN,0.2844595716834045
1978,France,FRA,0.5258195990252121
1978,India,IND,0.4223589230247249
1978,Korea, Republic of,0.19430018198605992
1978,USA,USA,0.459740200527468
