year,name,code,gini
1961,India,IND,0.4562352511410669
1961,Russian Federation,RUS,0.354157051460659
1961,USA,USA,0.27045842153779986
