year,name,code,gini
1955,India,IND,0.48867586642368277
1955,USA,USA,0.2789752824138064
