year,name,code,gini
1993,Cote d'Ivoire,CIV,0.542669313899434
1993,China,CHN,0.36112407466583546
1993,Czech Republic,CZE,0.2751688228102963
1993,Germany,DEU,0.3681182161175671
1993,France,FRA,0.4819357603578285
1993,India,IND,0.4514454119850261
1993,Poland,POL,0.3283903405221682
1993,Russian Federation,RUS,0.4624898604866343
1993,Slovenia,SVN,0.3112205505300001
1993,USA,USA,0.5265656990918799
1993,Yemen,YEM,0.590264947750889
