year,name,code,gini
1995,Bahrain,BHR,0.6089170127300001
1995,China,CHN,0.3674525858559576
1995,Czech Republic,CZE,0.2950768771640291
1995,Germany,DEU,0.36447394377463915
1995,France,FRA,0.4801105145870277
1995,India,IND,0.464754629981481
1995,Korea, Republic of,0.22467915099923996
1995,Poland,POL,0.38229008236066575
1995,Russian Federation,RUS,0.567019414688254
1995,Slovenia,SVN,0.32802962366
1995,USA,USA,0.5368167305400668
1995,Yemen,YEM,0.590264947750889
