year,name,code,gini
1976,Czech Republic,CZE,0.20696059620289398
1976,France,FRA,0.5351520905095855
1976,India,IND,0.42697176787972313
1976,Korea, Republic of,0.16225869997903997
1976,Russian Federation,RUS,0.2894073897478977
1976,USA,USA,0.4542960916038198
