year,name,code,gini
1969,India,IND,0.44140606288761775
1969,USA,USA,0.444656612604151
