year,name,code,gini
1984,China,CHN,0.3094906160971213
1984,Germany,DEU,0.34962792678976495
1984,France,FRA,0.5208655914720917
1984,India,IND,0.42499602985045737
1984,Korea, Republic of,0.20558459099862014
1984,Poland,POL,0.29084537982329706
1984,USA,USA,0.49133673401443656
