year,name,code,gini
1981,China,CHN,0.2926099527054632
1981,Germany,DEU,0.3520689054933561
1981,France,FRA,0.5224346375689572
1981,India,IND,0.40090294567349427
1981,Korea, Republic of,0.19950966000862014
1981,USA,USA,0.4648427118325743
