year,name,code,gini
1962,India,IND,0.4496311840171259
1962,USA,USA,0.47181386438709183
