year,name,code,gini
1964,India,IND,0.433499561332758
1964,Russian Federation,RUS,0.33508850948667346
1964,USA,USA,0.4853401830067331
