year,name,code,gini
1980,China,CHN,0.2872191478786332
1980,Czech Republic,CZE,0.2053861463678669
1980,Germany,DEU,0.35194179668968384
1980,France,FRA,0.5243693164288961
1980,India,IND,0.4063608203186141
1980,Korea, Republic of,0.19886380229481004
1980,Russian Federation,RUS,0.27815171503985325
1980,USA,USA,0.45835836982260814
