year,name,code,gini
1973,Czech Republic,CZE,0.20988046579864938
1973,France,FRA,0.5575300228333422
1973,India,IND,0.4219711410268431
1973,USA,USA,0.4576160028378209
