year,name,code,gini
1963,India,IND,0.4350455839969426
1963,USA,USA,0.4232055902496049
