year,name,code,gini
2015,Bahrain,BHR,0.600166562620094
2015,Brazil,BRA,0.641121241726629
2015,China,CHN,0.4793672193745036
2015,Czech Republic,CZE,0.335404423244575
2015,Germany,DEU,0.4485080721585333
2015,Egypt,EGY,0.5374125622477279
2015,Korea, Republic of,0.34244706651799994
2015,Poland,POL,0.4114709071471552
2015,Russian Federation,RUS,0.545238349162226
2015,Thailand,THA,0.588004431552855
2015,Turkey,TUR,0.591756805349952
2015,Yemen,YEM,0.590264947750889
