year,name,code,gini
1957,India,IND,0.4690778497477316
1957,USA,USA,0.27056010995367963
