year,name,code,gini
1972,France,FRA,0.5624778995872566
1972,India,IND,0.42249565737561223
1972,Russian Federation,RUS,0.2905421326937905
1972,USA,USA,0.45865305955990177
