year,name,code,gini
1988,Cote d'Ivoire,CIV,0.6245482829740001
1988,China,CHN,0.3248519820251635
1988,Czech Republic,CZE,0.20045875640399402
1988,Germany,DEU,0.3732240167933749
1988,France,FRA,0.48564113196910164
1988,India,IND,0.441808375083071
1988,Poland,POL,0.26273095143810143
1988,Russian Federation,RUS,0.28123276699501354
1988,USA,USA,0.5129986679647358
