year,name,code,gini
1974,France,FRA,0.5523649423531772
1974,India,IND,0.42294044410031195
1974,USA,USA,0.4485574374651956
